{
  "('aw1', 20, 800)": {
    "reference": {
      "WA-1": 0.9,
      "WA-2": 0.13,
      "GRF": 1.17,
      "C.GRF": 0.17
    },
    "ours": {
      "GRFBoost": 3.4147367942300315,
      "C.GRFBoost": 0.6088480669002181
    }
  },
  "('aw1', 10, 800)": {
    "reference": {
      "WA-1": 0.81,
      "WA-2": 0.16,
      "GRF": 1.12,
      "C.GRF": 0.27
    },
    "ours": {
      "GRFBoost": 3.753289575914152,
      "C.GRFBoost": 0.5145314114386389
    }
  },
  "('aw1', 10, 1600)": {
    "reference": {
      "WA-1": 0.68,
      "WA-2": 0.1,
      "GRF": 0.8,
      "C.GRF": 0.2
    },
    "ours": {
      "GRFBoost": 2.01410204467582,
      "C.GRFBoost": 0.5208855046906387
    }
  },
  "('aw1', 20, 1600)": {
    "reference": {
      "WA-1": 0.77,
      "WA-2": 0.09,
      "GRF": 0.95,
      "C.GRF": 0.11
    },
    "ours": {
      "GRFBoost": 2.747871887177536,
      "C.GRFBoost": 0.34460766727345116
    }
  },
  "('aw2', 10, 800)": {
    "reference": {
      "WA-1": 1.37,
      "WA-2": 6.48,
      "GRF": 0.85,
      "C.GRF": 0.87
    },
    "ours": {
      "GRFBoost": 2.432791577226091,
      "C.GRFBoost": 2.5961818048858856
    }
  },
  "('aw2', 10, 1600)": {
    "reference": {
      "WA-1": 0.63,
      "WA-2": 6.23,
      "GRF": 0.58,
      "C.GRF": 0.59
    },
    "ours": {
      "GRFBoost": 1.491814564504248,
      "C.GRFBoost": 1.3721706157276445
    }
  },
  "('aw2', 20, 800)": {
    "reference": {
      "WA-1": 2.05,
      "WA-2": 8.02,
      "GRF": 0.92,
      "C.GRF": 0.93
    },
    "ours": {
      "GRFBoost": 3.3492951639401145,
      "C.GRFBoost": 2.8936854494629447
    }
  },
  "('aw2', 20, 1600)": {
    "reference": {
      "WA-1": 0.71,
      "WA-2": 7.61,
      "GRF": 0.52,
      "C.GRF": 0.52
    },
    "ours": {
      "GRFBoost": 1.8101150336936938,
      "C.GRFBoost": 1.5186274566284563
    }
  },
  "('aw3', 10, 800)": {
    "reference": {
      "WA-1": 4.51,
      "WA-2": 7.67,
      "GRF": 1.92,
      "C.GRF": 0.91
    },
    "ours": {
      "GRFBoost": 5.623431555193803,
      "C.GRFBoost": 2.349812905662016
    }
  },
  "('aw3', 20, 800)": {
    "reference": {
      "WA-1": 5.93,
      "WA-2": 8.68,
      "GRF": 1.92,
      "C.GRF": 0.93
    },
    "ours": {
      "GRFBoost": 4.713642637310676,
      "C.GRFBoost": 2.4189419785703485
    }
  },
  "('aw3', 10, 1600)": {
    "reference": {
      "WA-1": 2.45,
      "WA-2": 7.94,
      "GRF": 1.51,
      "C.GRF": 0.62
    },
    "ours": {
      "GRFBoost": 2.702132082883284,
      "C.GRFBoost": 1.7362543814165528
    }
  },
  "('aw3', 20, 1600)": {
    "reference": {
      "WA-1": 3.54,
      "WA-2": 8.61,
      "GRF": 1.55,
      "C.GRF": 0.57
    },
    "ours": {
      "GRFBoost": 2.3410500260728146,
      "C.GRFBoost": 1.7529721034629977
    }
  }
}